Model,roc_auc,f1_score,recall,accuracy
xgboost,0.8376820758882909,0.34779830679942497,0.7987282954267547,0.729351716823545
mlp,0.8372875500250117,0.34311303273625693,0.8151137197358768,0.7180167042290866
custom_architecture,0.8359344970101319,0.34291048646405975,0.8085106382978723,0.7200494940121084
logistic_regression,0.8334032929218546,0.353841000446628,0.7750061139642944,0.7442662070794114
random_forest,0.8249655826090716,0.35757683005957647,0.7412570310589386,0.7593574616642361
lightgbm,0.8249317819757452,0.0,0.0,0.9096513323611295
