roc_auc,average_precision,brier_score,f1_score,recall,accuracy,balanced_accuracy,Model
0.8376820758882909,0.3543877618201214,0.16789556263429722,0.34779830679942497,0.7987282954267547,0.729351716823545,0.7605946852537597,xgboost
0.8372875500250117,0.35718251326724704,0.1719615550401573,0.34311303273625693,0.8151137197358768,0.7180167042290866,0.7617432622580863,mlp
0.8359344970101319,0.3555854343746016,0.17519193852014434,0.34291048646405975,0.8085106382978723,0.7200494940121084,0.7598869837509425,custom_architecture
0.8334032929218546,0.34953502028405026,0.1691218331944994,0.353841000446628,0.7750061139642944,0.7442662070794114,0.7581095813087035,logistic_regression
0.8249655826090716,0.33300640073266313,0.16795523676935376,0.35757683005957647,0.7412570310589386,0.7593574616642361,0.7512061346117885,random_forest
0.8249317819757452,0.31791568946744675,0.07777471803949475,0.0,0.0,0.9096513323611295,0.5,lightgbm
