{
    "sex": {
        "0": {
            "Accuracy": 0.875,
            "F1": 0.9230769230769231,
            "Recall": 0.9230769230769231,
            "Precision": 0.9230769230769231,
            "ROC_AUC": 0.8461538461538463,
            "Count": 16,
            "Model": "logistic_regression",
            "Attribute": "sex",
            "Group": "0"
        },
        "1": {
            "Accuracy": 0.7666666666666667,
            "F1": 0.72,
            "Recall": 0.75,
            "Precision": 0.6923076923076923,
            "ROC_AUC": 0.8194444444444444,
            "Count": 30,
            "Model": "logistic_regression",
            "Attribute": "sex",
            "Group": "1"
        }
    }
}