{
    "roc_auc": 0.8571428571428571,
    "average_precision": 0.8920123690192341,
    "brier_score": 0.16155739413866316,
    "f1_score": 0.8235294117647058,
    "f1_macro": 0.8020086083213773,
    "recall": 0.84,
    "recall_class_0": 0.7619047619047619,
    "recall_class_1": 0.84,
    "precision_class_0": 0.8,
    "precision_class_1": 0.8076923076923077,
    "f1_class_0": 0.7804878048780488,
    "f1_class_1": 0.8235294117647058,
    "accuracy": 0.8043478260869565,
    "balanced_accuracy": 0.8009523809523809
}