{
    "roc_auc": 0.8334032929218546,
    "average_precision": 0.34953502028405026,
    "brier_score": 0.1691218331944994,
    "f1_score": 0.353841000446628,
    "recall": 0.7750061139642944,
    "accuracy": 0.7442662070794114,
    "balanced_accuracy": 0.7581095813087035
}