{
    "roc_auc": 0.9020189300452027,
    "average_precision": 0.7539239195432249,
    "brier_score": 0.13228440905704572,
    "f1_score": 0.6729772368717603,
    "f1_macro": 0.7653681400514081,
    "recall": 0.8521689497716894,
    "recall_class_0": 0.7858810849649721,
    "recall_class_1": 0.8521689497716894,
    "precision_class_0": 0.9441087613293051,
    "precision_class_1": 0.5560521415270019,
    "f1_class_0": 0.8577590432310558,
    "f1_class_1": 0.6729772368717603,
    "accuracy": 0.8017488727968302,
    "balanced_accuracy": 0.8190250173683308
}