{
    "roc_auc": 0.8372875500250117,
    "average_precision": 0.35718251326724704,
    "brier_score": 0.1719615550401573,
    "f1_score": 0.34311303273625693,
    "recall": 0.8151137197358768,
    "accuracy": 0.7180167042290866,
    "balanced_accuracy": 0.7617432622580863
}