{
    "roc_auc": 0.9008342130280116,
    "average_precision": 0.7514690222331095,
    "brier_score": 0.22746368623730703,
    "f1_score": 0.6813929313929314,
    "f1_macro": 0.7838846028605064,
    "recall": 0.7482876712328768,
    "recall_class_0": 0.8589904796119993,
    "recall_class_1": 0.7482876712328768,
    "precision_class_0": 0.9155657668006892,
    "precision_class_1": 0.6254770992366412,
    "f1_class_0": 0.8863762743280815,
    "f1_class_1": 0.6813929313929314,
    "accuracy": 0.8324907774286104,
    "balanced_accuracy": 0.8036390754224381,
    "n_parameters": 69249,
    "threshold": 0.485
}