{
    "roc_auc": 0.36190476190476195,
    "average_precision": 0.462316274201262,
    "brier_score": 0.25094449783120587,
    "f1_score": 0.6865671641791045,
    "f1_macro": 0.42328358208955225,
    "recall": 0.92,
    "recall_class_0": 0.09523809523809523,
    "recall_class_1": 0.92,
    "precision_class_0": 0.5,
    "precision_class_1": 0.5476190476190477,
    "f1_class_0": 0.16,
    "f1_class_1": 0.6865671641791045,
    "accuracy": 0.5434782608695652,
    "balanced_accuracy": 0.5076190476190476,
    "n_parameters": 50049,
    "threshold": 0.495
}