{
    "roc_auc": 0.8359344970101319,
    "average_precision": 0.3555854343746016,
    "brier_score": 0.17519193852014434,
    "f1_score": 0.34291048646405975,
    "recall": 0.8085106382978723,
    "accuracy": 0.7200494940121084,
    "balanced_accuracy": 0.7598869837509425
}