{
    "roc_auc": 0.8249655826090716,
    "average_precision": 0.33300640073266313,
    "brier_score": 0.16795523676935376,
    "f1_score": 0.35757683005957647,
    "recall": 0.7412570310589386,
    "accuracy": 0.7593574616642361,
    "balanced_accuracy": 0.7512061346117885
}