{
    "sex": {
        "0": {
            "Accuracy": 0.9375,
            "F1": 0.9629629629629629,
            "Recall": 1.0,
            "Precision": 0.9285714285714286,
            "ROC_AUC": 0.9487179487179488,
            "Count": 16,
            "Model": "lightgbm",
            "Attribute": "sex",
            "Group": "0"
        },
        "1": {
            "Accuracy": 0.7666666666666667,
            "F1": 0.7741935483870968,
            "Recall": 1.0,
            "Precision": 0.631578947368421,
            "ROC_AUC": 0.8657407407407408,
            "Count": 30,
            "Model": "lightgbm",
            "Attribute": "sex",
            "Group": "1"
        }
    }
}