{
    "roc_auc": 0.9269054719879788,
    "average_precision": 0.8233431311341287,
    "brier_score": 0.1135489235782735,
    "f1_score": 0.7085714285714285,
    "f1_macro": 0.7921693740343259,
    "recall": 0.884703196347032,
    "recall_class_0": 0.8072570504760194,
    "recall_class_1": 0.884703196347032,
    "precision_class_0": 0.956984667802385,
    "precision_class_1": 0.5909264201296226,
    "f1_class_0": 0.8757673194972231,
    "f1_class_1": 0.7085714285714285,
    "accuracy": 0.8257958737532449,
    "balanced_accuracy": 0.8459801234115256
}