{
    "roc_auc": 0.8990476190476191,
    "average_precision": 0.9157814103643709,
    "brier_score": 0.13875830651795068,
    "f1_score": 0.8620689655172413,
    "f1_macro": 0.8133874239350912,
    "recall": 1.0,
    "recall_class_0": 0.6190476190476191,
    "recall_class_1": 1.0,
    "precision_class_0": 1.0,
    "precision_class_1": 0.7575757575757576,
    "f1_class_0": 0.7647058823529411,
    "f1_class_1": 0.8620689655172413,
    "accuracy": 0.8260869565217391,
    "balanced_accuracy": 0.8095238095238095
}