{
    "sex": {
        "0": {
            "Accuracy": 0.875,
            "F1": 0.9230769230769231,
            "Recall": 0.9230769230769231,
            "Precision": 0.9230769230769231,
            "ROC_AUC": 0.8974358974358975,
            "Count": 16,
            "Model": "xgboost",
            "Attribute": "sex",
            "Group": "0"
        },
        "1": {
            "Accuracy": 0.7,
            "F1": 0.6896551724137931,
            "Recall": 0.8333333333333334,
            "Precision": 0.5882352941176471,
            "ROC_AUC": 0.7962962962962963,
            "Count": 30,
            "Model": "xgboost",
            "Attribute": "sex",
            "Group": "1"
        }
    }
}