{
    "roc_auc": 0.8376820758882909,
    "average_precision": 0.3543877618201214,
    "brier_score": 0.16789556263429722,
    "f1_score": 0.34779830679942497,
    "recall": 0.7987282954267547,
    "accuracy": 0.729351716823545,
    "balanced_accuracy": 0.7605946852537597
}