{
    "roc_auc": 0.9269672454196409,
    "average_precision": 0.8236060956289157,
    "brier_score": 0.11200296454218568,
    "f1_score": 0.711008111239861,
    "f1_macro": 0.7951049468337249,
    "recall": 0.8755707762557078,
    "recall_class_0": 0.8151607688162386,
    "recall_class_1": 0.8755707762557078,
    "precision_class_0": 0.9541631623212784,
    "precision_class_1": 0.5985173624658603,
    "f1_class_0": 0.8792017824275888,
    "f1_class_1": 0.711008111239861,
    "accuracy": 0.8296215329963109,
    "balanced_accuracy": 0.8453657725359731
}