{
    "roc_auc": 0.8476190476190476,
    "average_precision": 0.8849202247721739,
    "brier_score": 0.1591146181863407,
    "f1_score": 0.8,
    "f1_macro": 0.7513513513513514,
    "recall": 0.88,
    "recall_class_0": 0.6190476190476191,
    "recall_class_1": 0.88,
    "precision_class_0": 0.8125,
    "precision_class_1": 0.7333333333333333,
    "f1_class_0": 0.7027027027027027,
    "f1_class_1": 0.8,
    "accuracy": 0.7608695652173914,
    "balanced_accuracy": 0.7495238095238095
}